zipcode,state_name,county_name,city_name,median_household_income,average_household_income,per_capita_income,percent_incomes_200000+
83824,Idaho; Washington,Benewah; Whitman,De Smet,"$41,250","$51,611","$17,212",0.00%
83851,Idaho; Washington,Benewah; Whitman,Plummer,"$43,750","$51,087","$18,923",0.30%
83870,Idaho; Washington,Benewah; Whitman,Tensed,"$32,917","$47,039","$19,527",0.00%
97031,Oregon; Washington,Hood River; Skamania,Hood River; Odell,"$66,970","$92,612","$36,942",8.30%
98001,Washington,King,Algona; Auburn; Federal Way; Lakeland North; Lakeland South; Milton; Pacific,"$90,287","$102,055","$34,806",7.30%
98002,Washington,King,Auburn; Kent; Pacific,"$57,317","$68,474","$28,278",2.90%
98003,Washington,King,Des Moines; Federal Way; Lakeland South; Milton,"$59,391","$75,321","$29,097",4.00%
98004,Washington,King,Beaux Arts Village; Bellevue; Clyde Hill; Hunts Point; Yarrow Point,"$134,580","$197,786","$93,912",32.70%
98005,Washington,King,Bellevue,"$120,913","$157,377","$66,330",24.20%
98006,Washington,King,Bellevue; Issaquah; Newcastle,"$144,247","$186,548","$66,435",32.60%
98007,Washington,King,Bellevue; Redmond,"$96,545","$120,294","$49,529",16.30%
98008,Washington,King,Bellevue; Issaquah; Sammamish,"$117,775","$157,380","$57,983",26.60%
98010,Washington,King,Black Diamond; Lake Morton-Berrydale; Maple Valley,"$123,415","$135,964","$52,485",19.70%
98011,Washington,King,Bothell; Kenmore; Kirkland; Woodinville,"$98,268","$116,059","$46,282",14.60%
98012,Washington,Snohomish,Bothell; Bothell East; Bothell West; Clearview; Martha Lake; Mill Creek; Mill Creek East; Silver Firs,"$109,161","$127,003","$46,332",14.70%
98014,Washington,King,Ames Lake; Carnation; Lake Marcel-Stillwater,"$112,384","$145,424","$57,197",23.30%
98019,Washington,King,Cottage Lake; Duvall; Union Hill-Novelty Hill,"$139,831","$160,507","$55,588",27.40%
98020,Washington,Snohomish,Edmonds; Esperance; Woodway,"$95,141","$129,463","$57,868",19.10%
98021,Washington,King; Snohomish,Bothell; Bothell East; Bothell West; Brier; Kenmore; Maltby,"$123,479","$143,780","$50,219",22.30%
98022,Washington,King; Pierce; Yakima,Black Diamond; Buckley; Enumclaw; Greenwater,"$76,929","$98,253","$39,977",9.80%
98023,Washington,King,Des Moines; Federal Way,"$79,434","$94,130","$34,126",6.60%
98024,Washington,King,Fall City; Sammamish; Snoqualmie,"$141,475","$154,759","$53,615",24.50%
98026,Washington,Snohomish,Edmonds; Esperance; Lynnwood; Meadowdale; Mukilteo; North Lynnwood; Picnic Point,"$94,385","$122,325","$48,706",14.10%
98027,Washington,King,Bellevue; East Renton Highlands; Hobart; Issaquah; Mirrormont; Sammamish,"$113,047","$141,468","$55,418",21.00%
98028,Washington,King,Bothell; Bothell West; Kenmore,"$110,058","$135,105","$53,255",19.10%
98029,Washington,King,Issaquah; Sammamish,"$129,185","$155,934","$60,666",28.40%
98030,Washington,King,Auburn; Kent,"$64,666","$81,539","$27,394",6.10%
98031,Washington,King,Kent,"$83,324","$97,465","$32,681",6.60%
98032,Washington,King,Des Moines; Kent; Lakeland North; SeaTac; Tukwila,"$63,562","$81,706","$30,141",5.40%
98033,Washington,King,Bellevue; Kirkland; Redmond; Yarrow Point,"$133,744","$183,213","$76,475",29.40%
98034,Washington,King,Bothell; Kenmore; Kirkland; Redmond,"$101,674","$128,063","$52,779",16.20%
98036,Washington,Snohomish,Alderwood Manor; Bothell West; Brier; Lynnwood; Martha Lake; Mountlake Terrace; North Lynnwood,"$84,787","$104,424","$39,301",9.60%
98037,Washington,Snohomish,Larch Way; Lynnwood; Martha Lake; Meadowdale; North Lynnwood,"$76,630","$88,541","$33,484",5.10%
98038,Washington,King,Covington; East Renton Highlands; Hobart; Kent; Lake Morton-Berrydale; Maple Valley; Mirrormont; Ravensdale; Shadow Lake,"$111,689","$128,993","$44,131",14.30%
98039,Washington,King,Bellevue; Hunts Point; Kirkland; Medina,"$212,337","$323,190","$117,928",52.20%
98040,Washington,King,Mercer Island,"$147,566","$224,619","$90,130",39.30%
98042,Washington,King,Auburn; Covington; Kent; Lake Morton-Berrydale; Maple Valley; Shadow Lake,"$104,306","$127,621","$44,519",15.30%
98043,Washington,King; Snohomish,Edmonds; Lynnwood; Mountlake Terrace; Shoreline,"$72,955","$87,769","$36,175",5.30%
98045,Washington,King,North Bend; Riverbend; Snoqualmie; Snoqualmie Pass; Tanner; Wilderness Rim,"$112,568","$141,702","$53,181",18.40%
98047,Washington,King; Pierce,Algona; Auburn; Pacific,"$59,464","$70,743","$23,626",2.50%
98050,Washington,King,,"$139,161","$212,132","$77,393",13.50%
98051,Washington,King,Hobart; Kent; Ravensdale,"$87,500","$101,777","$37,643",9.20%
98052,Washington,King,Bellevue; Cottage Lake; Kirkland; Redmond; Sammamish; Union Hill-Novelty Hill; Woodinville,"$135,287","$161,369","$64,993",26.90%
98053,Washington,King,Ames Lake; Redmond; Union Hill-Novelty Hill,"$145,453","$194,206","$72,453",35.70%
98055,Washington,King,Kent; Renton,"$76,765","$92,801","$37,588",6.30%
98056,Washington,King,Newcastle; Renton,"$85,451","$117,962","$47,145",13.70%
98057,Washington,King,Bryn Mawr-Skyway; Renton; Tukwila,"$57,172","$76,540","$37,017",5.20%
98058,Washington,King,East Renton Highlands; Fairwood; Kent; Maple Heights-Lake Desire; Renton; Shadow Lake,"$92,225","$107,395","$39,575",10.20%
98059,Washington,King,Bellevue; East Renton Highlands; Newcastle; Renton,"$105,872","$137,426","$49,190",20.10%
98065,Washington,King,Snoqualmie,"$144,320","$167,082","$54,728",27.50%
98068,Washington,King; Kittitas,Roslyn; Snoqualmie Pass; Tanner,"$97,625","$104,741","$50,683",8.20%
98070,Washington,King,Vashon,"$78,966","$115,678","$53,131",13.50%
98072,Washington,King; Snohomish,Bothell; Clearview; Cottage Lake; Kirkland; Maltby; Woodinville,"$117,704","$155,866","$60,690",24.00%
98074,Washington,King,Sammamish,"$188,900","$221,854","$73,208",46.90%
98075,Washington,King,Issaquah; Sammamish,"$178,697","$214,861","$70,782",43.20%
98077,Washington,King; Snohomish,Cottage Lake; Maltby; Union Hill-Novelty Hill,"$166,400","$221,823","$75,894",42.10%
98087,Washington,Snohomish,Lake Stickney; Larch Way; Lynnwood; Martha Lake; North Lynnwood; Picnic Point,"$76,863","$91,891","$33,699",6.10%
98092,Washington,King; Pierce,Auburn; Black Diamond; Kent; Lake Holm; Lake Morton-Berrydale; Lake Tapps,"$92,376","$111,396","$38,942",11.70%
98101,Washington,King,Seattle,"$80,389","$116,277","$79,796",16.10%
98102,Washington,King,Seattle,"$91,466","$126,345","$76,661",14.80%
98103,Washington,King,Seattle,"$105,177","$133,001","$63,719",20.20%
98104,Washington,King,Seattle,"$53,407","$89,598","$53,390",10.10%
98105,Washington,King,Seattle,"$62,582","$118,967","$42,401",17.50%
98106,Washington,King,Seattle; White Center,"$69,110","$87,301","$37,806",7.50%
98107,Washington,King,Seattle,"$100,178","$132,464","$69,351",18.00%
98108,Washington,King,Boulevard Park; Seattle; Tukwila; White Center,"$61,547","$90,304","$33,269",6.90%
98109,Washington,King,Seattle,"$106,393","$137,926","$79,951",17.00%
98110,Washington,Kitsap,Bainbridge Island,"$117,990","$144,868","$60,533",23.10%
98112,Washington,King,Seattle,"$118,305","$207,496","$95,857",30.60%
98115,Washington,King,Kirkland; Seattle,"$111,569","$147,430","$63,327",24.50%
98116,Washington,King,Seattle,"$121,208","$146,749","$70,526",22.40%
98117,Washington,King,Seattle,"$116,871","$153,544","$65,347",24.20%
98118,Washington,King,Seattle,"$82,216","$106,475","$38,751",11.50%
98119,Washington,King,Seattle,"$96,768","$143,190","$70,915",21.30%
98121,Washington,King,Seattle,"$115,323","$140,491","$93,864",23.40%
98122,Washington,King,Seattle,"$79,609","$118,252","$60,400",17.30%
98125,Washington,King,Seattle,"$70,744","$95,556","$43,606",10.20%
98126,Washington,King,Seattle; White Center,"$86,983","$111,333","$49,644",14.90%
98133,Washington,King,Seattle; Shoreline,"$68,994","$89,379","$41,067",8.10%
98134,Washington,King,Seattle,"$83,472","$105,632","$36,111",11.80%
98136,Washington,King,Seattle,"$113,750","$143,156","$64,679",23.10%
98144,Washington,King,Seattle,"$78,414","$120,821","$53,282",16.20%
98146,Washington,King,Burien; Seattle; White Center,"$78,750","$100,923","$38,028",9.70%
98148,Washington,King,Burien; Des Moines; Normandy Park; SeaTac,"$61,455","$83,242","$32,316",4.50%
98154,Washington,King,Seattle,-$1,-$1,-$1,-1.00%
98155,Washington,King,Kenmore; Lake Forest Park; Shoreline,"$94,054","$114,497","$45,723",13.60%
98158,Washington,King,SeaTac,-$1,-$1,-$1,-1.00%
98164,Washington,King,Seattle,"$157,829","$219,627","$163,153",37.20%
98166,Washington,King,Burien; Normandy Park,"$83,615","$111,517","$46,382",12.00%
98168,Washington,King,Boulevard Park; Burien; SeaTac; Tukwila; White Center,"$59,120","$74,964","$27,311",3.50%
98174,Washington,King,Seattle,-$1,-$1,-$1,-1.00%
98177,Washington,King,Seattle; Shoreline,"$123,672","$160,142","$65,401",25.80%
98178,Washington,King,Bryn Mawr-Skyway; Renton; Seattle; Tukwila,"$80,283","$98,171","$36,475",8.00%
98188,Washington,King,Kent; Renton; SeaTac; Tukwila,"$60,586","$89,223","$33,983",4.70%
98195,Washington,King,Seattle,-$1,-$1,-$1,-1.00%
98198,Washington,King,Des Moines; Federal Way; Kent; Normandy Park; SeaTac,"$66,906","$90,677","$35,051",5.70%
98199,Washington,King,Seattle,"$114,551","$164,793","$72,265",27.00%
98201,Washington,Snohomish,Everett; Hat Island,"$57,179","$74,568","$33,597",4.60%
98203,Washington,Snohomish,Eastmont; Everett,"$73,840","$90,892","$35,761",7.20%
98204,Washington,Snohomish,Everett; Lake Stickney; Mukilteo,"$55,978","$66,951","$27,637",2.70%
98205,Washington,Snohomish,Bunk Foss; Cavalero; Everett; Lake Stevens; Machias; Marysville,"$96,233","$105,450","$36,341",6.70%
98207,Washington,Snohomish,Everett,-$1,-$1,"$32,558",-1.00%
98208,Washington,Snohomish,Eastmont; Everett; Martha Lake; Mill Creek; Silver Firs,"$91,574","$104,294","$37,984",7.90%
98220,Washington,Whatcom,Acme,"$87,500","$91,052","$29,535",0.00%
98221,Washington,San Juan; Skagit,Anacortes,"$73,802","$99,114","$43,937",8.70%
98222,Washington,San Juan,,"$96,667","$141,579","$79,521",14.60%
98223,Washington,Snohomish,Arlington; Arlington Heights; Bryant; Canyon Creek; Lake Cassidy; Lake Goodwin; Marysville; North Marysville; Oso; Sisco Heights; Swede Heaven,"$88,295","$100,978","$38,043",7.30%
98224,Washington,King,Baring,"$43,750","$48,908","$28,669",0.00%
98225,Washington,Whatcom,Bellingham; Marietta-Alderwood,"$50,184","$67,486","$29,077",4.30%
98226,Washington,Whatcom,Bellingham; Ferndale; Marietta-Alderwood,"$64,235","$83,820","$34,095",4.80%
98229,Washington,Skagit; Whatcom,Alger; Bellingham; Geneva; Sudden Valley,"$71,918","$93,477","$37,797",7.00%
98230,Washington,Whatcom,Birch Bay; Blaine,"$69,529","$88,222","$37,780",7.20%
98232,Washington,Skagit,Alger; Edison,"$79,394","$100,388","$38,807",5.60%
98233,Washington,Skagit,Alger; Burlington,"$61,330","$80,263","$31,481",5.10%
98235,Washington,Skagit,Clear Lake,-$1,"$42,445","$22,581",0.00%
98236,Washington,Island,Clinton,"$78,650","$96,673","$41,636",7.00%
98237,Washington,Skagit; Whatcom,Concrete,"$51,823","$64,351","$27,151",1.90%
98238,Washington,Skagit,Conway,-$1,-$1,-$1,-1.00%
98239,Washington,Island,Coupeville,"$66,592","$85,015","$41,103",5.10%
98240,Washington,Whatcom,Custer,"$72,647","$89,118","$33,366",5.80%
98241,Washington,Chelan; Skagit; Snohomish,Darrington; Swede Heaven,"$44,694","$56,772","$25,200",1.10%
98243,Washington,San Juan,,"$72,279","$79,295","$37,826",4.00%
98244,Washington,Whatcom,Deming; Glacier; Kendall; Maple Falls; Peaceful Valley,"$64,763","$81,551","$34,296",3.20%
98245,Washington,San Juan,,"$54,219","$86,373","$42,187",7.90%
98247,Washington,Whatcom,Deming; Everson; Lynden; Nooksack,"$60,273","$74,875","$24,945",3.10%
98248,Washington,Whatcom,Birch Bay; Custer; Ferndale; Marietta-Alderwood,"$76,684","$84,879","$31,040",3.50%
98249,Washington,Island,Freeland,"$73,615","$101,219","$48,356",10.30%
98250,Washington,San Juan,Friday Harbor,"$70,613","$102,681","$47,867",10.10%
98251,Washington,Snohomish,Gold Bar; May Creek; Startup,"$73,274","$83,922","$38,115",4.50%
98252,Washington,Snohomish,Canyon Creek; Granite Falls; Lake Bosworth; Lochsloy; Snohomish; Verlot,"$82,121","$91,400","$35,825",9.10%
98253,Washington,Island,,"$78,661","$77,920","$38,879",4.00%
98255,Washington,Skagit,Hamilton,"$32,361","$41,885","$19,408",0.00%
98256,Washington,Snohomish,Index,"$62,813","$65,292","$30,178",0.60%
98257,Washington,Skagit,La Conner,"$64,295","$85,596","$39,969",6.50%
98258,Washington,Snohomish,Cavalero; Lake Cassidy; Lake Stevens; Lochsloy; Machias; Sisco Heights,"$96,325","$108,470","$38,161",8.00%
98260,Washington,Island,Langley,"$72,697","$91,146","$43,453",7.30%
98261,Washington,San Juan,,"$60,284","$82,958","$41,202",5.50%
98262,Washington,Whatcom,,"$63,819","$90,805","$47,905",9.70%
98263,Washington,Skagit,Lyman,"$94,167","$86,909","$33,867",0.00%
98264,Washington,Whatcom,Lynden,"$68,174","$84,526","$30,863",4.70%
98266,Washington,Whatcom,Kendall; Maple Falls; Peaceful Valley,"$30,083","$43,221","$16,025",0.00%
98267,Washington,Skagit,Marblemount,-$1,"$39,576","$17,391",0.00%
98270,Washington,Snohomish,Lake Cassidy; Marysville,"$83,014","$91,801","$32,462",5.80%
98271,Washington,Snohomish,Lake Goodwin; Marysville; North Marysville; Sisco Heights,"$79,494","$93,276","$35,906",5.80%
98272,Washington,Snohomish,Chain Lake; Everett; High Bridge; Monroe; Monroe North; Sultan; Woods Creek,"$91,458","$109,846","$35,197",11.10%
98273,Washington,Skagit,Bay View; Burlington; Clear Lake; Conway; Mount Vernon,"$62,094","$73,991","$27,280",3.70%
98274,Washington,Skagit,Big Lake; Lake Cavanaugh; Lake McMurray; Mount Vernon,"$79,872","$95,742","$36,786",6.50%
98275,Washington,Snohomish,Everett; Mukilteo; Picnic Point,"$108,536","$135,920","$52,707",20.30%
98276,Washington,Whatcom,Nooksack,"$63,462","$75,958","$21,623",4.10%
98277,Washington,Island,Oak Harbor; Whidbey Island Station,"$60,658","$74,365","$30,577",3.30%
98278,Washington,Island,Whidbey Island Station,-$1,-$1,"$25,173",-1.00%
98279,Washington,San Juan,,"$58,125","$85,958","$47,349",9.40%
98280,Washington,San Juan,,"$53,667","$108,083","$63,271",7.40%
98281,Washington,Whatcom,Point Roberts,"$43,510","$79,904","$46,137",8.70%
98282,Washington,Island; Snohomish,Camano,"$80,965","$105,721","$44,811",9.90%
98283,Washington,Skagit; Whatcom,Marblemount; Rockport,"$75,149","$59,626","$28,923",0.00%
98284,Washington,Skagit; Whatcom,Alger; Clear Lake; Hamilton; Lyman; Sedro-Woolley,"$66,548","$79,793","$29,148",3.10%
98286,Washington,San Juan,,"$68,750","$153,271","$78,580",18.30%
98288,Washington,King,Skykomish,"$46,500","$80,434","$40,810",3.60%
98290,Washington,Snohomish,Bunk Foss; Chain Lake; Everett; Fobes Hill; Lake Bosworth; Lake Roesiger; Machias; Monroe; Monroe North; Snohomish; Three Lakes; Woods Creek,"$99,171","$118,448","$43,621",14.90%
98292,Washington,Skagit; Snohomish,Kayak Point; Lake Goodwin; Lake Ketchum; Marysville; Northwest Stanwood; Silvana; Stanwood; Sunday Lake; Warm Beach,"$84,844","$102,925","$39,535",9.30%
98294,Washington,Snohomish,Everett; Gold Bar; North Sultan; Startup; Sultan,"$75,663","$87,311","$34,056",5.30%
98295,Washington,Whatcom,Peaceful Valley; Sumas,"$55,750","$60,923","$23,651",1.40%
98296,Washington,Snohomish,Cathcart; Clearview; Eastmont; High Bridge; Maltby; Mill Creek East; Silver Firs,"$137,500","$148,414","$49,794",21.80%
98297,Washington,San Juan,,-$1,"$37,884","$18,673",0.00%
98303,Washington,Pierce,Anderson Island,"$80,078","$96,937","$52,025",12.60%
98304,Washington,Lewis; Pierce; Yakima,Ashford,"$47,384","$52,648","$23,807",0.00%
98305,Washington,Clallam,,"$36,875","$54,834","$24,283",0.00%
98310,Washington,Kitsap,Bremerton; Enetai; Tracyton,"$56,292","$72,527","$32,289",3.50%
98311,Washington,Kitsap,Silverdale; Tracyton,"$73,708","$84,503","$32,330",3.90%
98312,Washington,Kitsap,Bremerton; Chico; Erlands Point-Kitsap Lake; Gorst; Navy Yard City; Port Orchard; Rocky Point; Silverdale,"$64,400","$77,685","$32,590",4.30%
98314,Washington,Kitsap,Bremerton; Navy Yard City; Port Orchard,-$1,"$114,663","$24,027",25.00%
98315,Washington,Kitsap,Bangor Base,"$57,134","$59,975","$21,455",0.00%
98320,Washington,Jefferson,Brinnon,"$50,694","$62,509","$30,972",2.70%
98321,Washington,King; Pierce,Bonney Lake; Buckley; Enumclaw; Prairie Heights; Prairie Ridge; South Prairie; Wilkeson,"$96,183","$105,320","$38,273",8.30%
98323,Washington,King; Pierce,Carbonado; Wilkeson,"$80,179","$84,175","$30,023",0.80%
98325,Washington,Jefferson,Port Hadlock-Irondale,"$48,542","$52,844","$24,755",0.00%
98326,Washington,Clallam,Clallam Bay,"$39,688","$51,096","$24,266",2.00%
98327,Washington,Pierce; Thurston,DuPont; North Fort Lewis,"$90,298","$102,213","$41,992",6.00%
98328,Washington,Pierce; Thurston,Alder; Clear Lake; Eatonville; La Grande,"$77,196","$98,634","$36,212",7.60%
98329,Washington,Kitsap; Mason; Pierce,Burley; Key Center; Stansberry Lake; Vaughn; Wauna,"$84,565","$102,274","$35,235",8.60%
98330,Washington,Lewis; Pierce,Elbe,-$1,-$1,-$1,0.00%
98331,Washington,Clallam; Jefferson,Forks; Queets,"$41,619","$57,829","$22,441",3.10%
98332,Washington,Pierce,Canterwood; Gig Harbor; Maplewood; Purdy; Rosedale,"$102,635","$140,395","$53,449",20.00%
98333,Washington,Pierce,Fox Island,"$105,750","$139,425","$53,468",22.00%
98335,Washington,Pierce,Artondale; Gig Harbor; Raft Island; Rosedale; Wollochet,"$98,584","$126,447","$50,787",15.70%
98336,Washington,Lewis,,"$55,625","$53,740","$25,301",0.00%
98337,Washington,Kitsap,Bremerton; Port Orchard,"$51,250","$62,383","$31,673",1.90%
98338,Washington,Pierce,Clear Lake; Elk Plain; Graham; Kapowsin; South Creek; South Hill,"$81,504","$95,829","$33,951",6.00%
98339,Washington,Jefferson,Port Hadlock-Irondale,"$60,034","$64,490","$30,627",1.90%
98340,Washington,Kitsap,Hansville,"$70,238","$84,033","$42,173",5.20%
98342,Washington,Kitsap,Indianola,"$69,792","$93,545","$42,197",6.80%
98345,Washington,Kitsap,Keyport,"$48,319","$77,007","$43,353",3.30%
98346,Washington,Kitsap,Hansville; Indianola; Kingston; Port Gamble Tribal Community,"$84,148","$101,097","$39,940",9.60%
98349,Washington,Pierce,Herron Island; Home; Key Center; Longbranch,"$62,385","$76,403","$28,634",2.50%
98350,Washington,Clallam,,"$35,938","$58,280","$18,784",4.20%
98351,Washington,Pierce; Thurston,Longbranch,"$46,556","$74,599","$31,246",2.70%
98353,Washington,Kitsap,,-$1,-$1,-$1,0.00%
98354,Washington,King; Pierce,Edgewood; Fife; Milton,"$73,867","$86,041","$36,400",6.30%
98355,Washington,Lewis; Pierce,Mineral,"$20,532","$40,398","$18,307",0.00%
98356,Washington,Lewis,Morton,"$43,173","$50,886","$20,507",0.40%
98357,Washington,Clallam,Neah Bay,"$44,464","$56,484","$18,043",2.10%
98358,Washington,Jefferson,Marrowstone,"$51,429","$70,183","$35,616",6.40%
98359,Washington,Kitsap,Burley,"$77,904","$90,336","$34,314",9.90%
98360,Washington,Pierce,Clear Lake; Crocker; Graham; Kapowsin; McMillin; Orting; Prairie Ridge; South Hill,"$86,341","$96,034","$33,714",6.10%
98361,Washington,Lewis; Skamania,Packwood,"$39,429","$53,818","$30,348",3.20%
98362,Washington,Clallam,Port Angeles; Port Angeles East,"$50,333","$68,346","$30,280",3.10%
98363,Washington,Clallam,Port Angeles,"$57,118","$68,620","$28,393",2.60%
98364,Washington,Kitsap,,-$1,-$1,"$49,128",0.00%
98365,Washington,Jefferson,Port Ludlow,"$62,500","$85,226","$43,624",4.60%
98366,Washington,Kitsap,Bainbridge Island; Bremerton; East Port Orchard; Manchester; Parkwood; Port Orchard; Southworth,"$68,653","$81,766","$32,330",4.40%
98367,Washington,Kitsap,Bethel; Bremerton; Burley; Gorst; Port Orchard; Southworth,"$83,571","$97,235","$36,448",6.70%
98368,Washington,Jefferson,Port Hadlock-Irondale; Port Townsend,"$54,436","$75,733","$36,881",6.10%
98370,Washington,Kitsap,Indianola; Keyport; Lofall; Poulsbo; Silverdale; Suquamish,"$84,409","$103,498","$41,368",10.40%
98371,Washington,Pierce,Edgewood; Milton; Puyallup; Summit; Waller,"$76,729","$93,933","$37,635",6.50%
98372,Washington,Pierce,Alderton; Edgewood; North Puyallup; Puyallup; Sumner,"$75,005","$94,162","$38,021",7.00%
98373,Washington,Pierce,Clover Creek; Puyallup; South Hill; Summit; Summit View,"$73,133","$91,726","$33,925",5.50%
98374,Washington,Pierce,Alderton; Graham; McMillin; Puyallup; South Hill,"$83,644","$101,264","$36,280",8.90%
98375,Washington,Pierce,Frederickson; South Hill; Summit View,"$85,417","$92,848","$29,631",4.90%
98376,Washington,Clallam; Jefferson,Quilcene,"$64,048","$77,566","$35,053",5.20%
98377,Washington,Lewis,,"$42,520","$50,743","$26,448",0.00%
98380,Washington,Kitsap,Seabeck,"$86,333","$96,351","$40,984",8.40%
98381,Washington,Clallam,Sekiu,"$80,870","$78,538","$35,323",0.00%
98382,Washington,Clallam; Jefferson,Bell Hill; Blyn; Carlsborg; Jamestown; River Road; Sequim,"$53,350","$72,135","$34,588",3.10%
98383,Washington,Kitsap,Chico; Silverdale,"$82,982","$101,866","$41,209",7.60%
98385,Washington,Pierce,South Prairie,"$85,781","$81,513","$36,240",2.30%
98387,Washington,Pierce,Elk Plain; Frederickson; Graham; Parkland; South Creek; Spanaway,"$75,308","$85,999","$29,391",4.50%
98388,Washington,Pierce,Ketron Island; Lakewood; Steilacoom; University Place,"$82,330","$103,006","$39,515",8.50%
98390,Washington,Pierce,Alderton; Auburn; North Puyallup; Pacific; Sumner,"$66,151","$83,517","$34,827",5.70%
98391,Washington,King; Pierce,Alderton; Auburn; Bonney Lake; Lake Tapps; Orting; Prairie Heights; Prairie Ridge; Sumner,"$103,505","$124,941","$43,177",11.60%
98392,Washington,Kitsap,Suquamish,"$68,850","$80,162","$34,827",4.80%
98394,Washington,Pierce,Key Center; Vaughn,"$71,146","$121,744","$48,072",12.90%
98396,Washington,Pierce,Carbonado; Wilkeson,"$80,938","$94,711","$35,854",9.90%
98402,Washington,Pierce,Tacoma,"$54,579","$69,417","$41,963",3.90%
98403,Washington,Pierce,Tacoma,"$63,507","$84,691","$44,290",7.00%
98404,Washington,Pierce,Midland; Tacoma; Waller,"$54,406","$67,607","$23,130",2.70%
98405,Washington,Pierce,Tacoma,"$54,043","$68,287","$29,516",3.20%
98406,Washington,Pierce,Tacoma,"$82,111","$100,800","$43,220",7.50%
98407,Washington,Pierce,Ruston; Tacoma,"$80,196","$109,813","$48,393",10.80%
98408,Washington,Pierce,Tacoma,"$59,207","$71,328","$27,443",3.50%
98409,Washington,Pierce,Tacoma,"$53,328","$66,513","$27,623",1.50%
98416,Washington,Pierce,Tacoma,-$1,-$1,"$24,793",-1.00%
98418,Washington,Pierce,Tacoma,"$61,250","$70,948","$30,328",1.90%
98421,Washington,Pierce,Fife; Tacoma,-$1,-$1,"$22,471",-1.00%
98422,Washington,Pierce,Browns Point; Dash Point; Fife Heights; Milton; Tacoma,"$98,360","$116,819","$43,284",12.20%
98424,Washington,Pierce,Fife; Fife Heights; Milton; Tacoma,"$69,848","$84,962","$32,208",5.00%
98430,Washington,Pierce,North Fort Lewis,-$1,-$1,-$1,-1.00%
98433,Washington,Pierce,DuPont; Fort Lewis; Lakewood; North Fort Lewis,"$44,943","$55,007","$18,620",0.80%
98438,Washington,Pierce,McChord AFB,-$1,-$1,"$24,905",0.00%
98439,Washington,Pierce,Fort Lewis; Lakewood; McChord AFB,"$39,219","$49,396","$18,729",0.60%
98443,Washington,Pierce,Waller,"$95,868","$108,825","$43,244",9.40%
98444,Washington,Pierce,Lakewood; Midland; Parkland; Spanaway; Tacoma,"$48,998","$57,287","$22,938",0.70%
98445,Washington,Pierce,Clover Creek; Frederickson; Midland; Parkland; Spanaway; Summit; Tacoma,"$65,851","$80,135","$29,112",2.90%
98446,Washington,Pierce,Clover Creek; Frederickson; Summit,"$81,096","$89,882","$32,311",4.50%
98447,Washington,Pierce,Parkland,-$1,-$1,"$7,982",-1.00%
98465,Washington,Pierce,Tacoma,"$55,588","$79,124","$36,290",4.70%
98466,Washington,Pierce,Fircrest; Tacoma; University Place,"$66,966","$88,003","$36,671",6.60%
98467,Washington,Pierce,Fircrest; Steilacoom; Tacoma; University Place,"$69,337","$92,271","$36,740",8.90%
98498,Washington,Pierce,Lakewood; McChord AFB; Steilacoom,"$67,201","$85,888","$34,745",5.10%
98499,Washington,Pierce,Lakewood; McChord AFB; Parkland; Tacoma; University Place,"$42,665","$59,726","$25,684",2.40%
98501,Washington,Thurston,Lacey; Olympia; Tumwater,"$74,558","$91,805","$37,788",7.70%
98502,Washington,Thurston,Olympia; Tumwater,"$69,326","$92,565","$38,565",8.80%
98503,Washington,Thurston,Lacey; Olympia; Tanglewilde,"$65,536","$75,995","$30,680",2.80%
98506,Washington,Thurston,Olympia,"$70,180","$87,849","$40,476",5.80%
98512,Washington,Thurston,Olympia; Tumwater,"$76,294","$92,179","$38,164",6.40%
98513,Washington,Pierce; Thurston,Lacey; Nisqually Indian Community,"$76,620","$91,342","$34,556",5.40%
98516,Washington,Pierce; Thurston,Lacey; Olympia; Tanglewilde,"$80,258","$100,261","$39,704",8.70%
98520,Washington,Grays Harbor,Aberdeen; Aberdeen Gardens; Central Park; Cosmopolis; Junction City; Markham; Westport,"$50,849","$64,976","$23,294",2.80%
98524,Washington,Mason; Pierce,Allyn; Grapeview; Vaughn,"$83,659","$90,201","$31,634",7.20%
98526,Washington,Grays Harbor,Amanda Park,"$48,750","$56,875","$22,054",0.00%
98527,Washington,Pacific,Bay Center,"$29,911","$41,265","$22,083",0.00%
98528,Washington,Kitsap; Mason; Pierce,Allyn; Belfair,"$57,235","$76,890","$29,169",4.80%
98530,Washington,Thurston,Bucoda,"$51,250","$53,478","$18,847",0.00%
98531,Washington,Lewis; Thurston,Centralia; Fords Prairie; Grand Mound,"$47,874","$62,722","$25,106",2.60%
98532,Washington,Lewis; Pacific,Centralia; Chehalis; Napavine; Pe Ell,"$62,547","$76,079","$29,437",3.40%
98533,Washington,Lewis; Thurston,,"$54,714","$61,292","$32,973",0.00%
98535,Washington,Grays Harbor,Copalis Beach; Ocean City,-$1,"$50,485","$23,492",0.00%
98536,Washington,Grays Harbor,Copalis Beach,"$34,125","$29,393","$21,453",0.00%
98537,Washington,Grays Harbor; Lewis; Pacific,Aberdeen; Cosmopolis; Junction City,"$56,250","$67,320","$27,092",3.00%
98538,Washington,Cowlitz; Lewis,,"$51,389","$69,593","$26,618",3.50%
98541,Washington,Grays Harbor; Mason; Thurston,Elma; Malone; Porter; Satsop,"$49,676","$66,047","$26,858",2.40%
98542,Washington,Lewis,,"$63,594","$67,823","$23,787",0.00%
98544,Washington,Lewis,,-$1,-$1,"$17,173",0.00%
98546,Washington,Mason,Grapeview,"$70,526","$88,295","$36,397",2.20%
98547,Washington,Grays Harbor; Pacific,Grayland,"$37,784","$55,547","$28,772",2.10%
98548,Washington,Mason,Hoodsport,"$43,184","$51,660","$27,576",0.00%
98550,Washington,Grays Harbor,Aberdeen; Hogans Corner; Hoquiam; Humptulips; Oyehut,"$47,848","$61,734","$27,191",2.00%
98552,Washington,Grays Harbor,Humptulips; Neilton,"$43,750","$63,911","$25,275",8.20%
98555,Washington,Mason,,-$1,"$41,554","$27,084",0.00%
98557,Washington,Grays Harbor; Mason; Thurston,McCleary,"$53,750","$69,024","$28,270",1.40%
98558,Washington,Pierce; Thurston,McKenna,-$1,-$1,"$26,918",0.00%
98559,Washington,Grays Harbor,Malone,-$1,-$1,-$1,-1.00%
98560,Washington,Grays Harbor; Mason,,"$86,058","$99,617","$57,260",0.00%
98562,Washington,Grays Harbor,Moclips; Pacific Beach,-$1,-$1,-$1,0.00%
98563,Washington,Grays Harbor; Mason,Aberdeen; Brady; Cosmopolis; Montesano,"$72,137","$95,866","$37,428",5.80%
98564,Washington,Lewis,Mossyrock,"$47,024","$60,968","$26,971",2.40%
98565,Washington,Lewis,Napavine,"$54,602","$64,346","$19,479",1.80%
98568,Washington,Grays Harbor; Lewis,Oakville,"$55,028","$65,370","$26,999",1.10%
98569,Washington,Grays Harbor,Ocean City; Ocean Shores,"$46,999","$55,395","$29,471",1.90%
98570,Washington,Lewis; Thurston,Onalaska,"$61,455","$73,609","$27,640",1.50%
98571,Washington,Grays Harbor,Moclips; Pacific Beach,-$1,"$67,752","$29,326",10.10%
98572,Washington,Lewis; Pacific,Pe Ell,"$60,921","$65,408","$26,352",0.00%
98575,Washington,Grays Harbor,Neilton,"$53,472","$55,677","$27,608",0.00%
98576,Washington,Thurston,Rainier; Yelm,"$63,238","$73,139","$29,291",4.20%
98577,Washington,Grays Harbor; Pacific,Lebam; Raymond; South Bend; Willapa,"$53,713","$63,945","$25,412",0.70%
98579,Washington,Lewis; Thurston,Grand Mound; Rochester,"$72,490","$79,525","$29,375",2.70%
98580,Washington,Pierce; Thurston,Fort Lewis; McChord AFB; McKenna; Nisqually Indian Community; North Yelm; Roy; South Creek,"$64,066","$82,149","$31,291",4.90%
98581,Washington,Cowlitz; Lewis,Ryderwood,"$35,945","$40,967","$26,095",0.00%
98582,Washington,Lewis,,-$1,"$46,074","$24,937",0.00%
98583,Washington,Grays Harbor,Satsop,"$41,563","$50,766","$22,353",0.00%
98584,Washington,Mason; Thurston,Shelton; Skokomish,"$58,193","$69,891","$27,213",2.80%
98585,Washington,Lewis,,"$68,056","$62,583","$32,328",1.40%
98586,Washington,Pacific,South Bend,"$47,396","$54,582","$24,295",0.00%
98587,Washington,Grays Harbor,Qui-nai-elt Village; Santiago; Taholah,"$34,205","$46,012","$15,986",0.00%
98588,Washington,Mason,,-$1,"$82,783","$47,153",7.00%
98589,Washington,Thurston,Tenino,"$66,438","$79,640","$31,020",4.00%
98590,Washington,Pacific,Tokeland,"$44,861","$69,122","$28,752",10.90%
98591,Washington,Lewis,Toledo,"$59,345","$72,931","$32,270",2.50%
98592,Washington,Mason,Union,"$61,406","$63,726","$27,906",2.90%
98593,Washington,Lewis,Vader,"$43,819","$47,232","$15,092",0.50%
98595,Washington,Grays Harbor,Cohassett Beach; Grayland; Westport,"$51,013","$64,180","$28,100",1.60%
98596,Washington,Lewis,Vader; Winlock,"$62,456","$83,105","$30,115",2.80%
98597,Washington,Lewis; Pierce; Thurston,La Grande; McKenna; North Yelm; Yelm,"$70,629","$77,659","$28,137",3.50%
98601,Washington,Clark; Cowlitz,Amboy,"$82,337","$82,438","$24,452",3.10%
98602,Washington,Klickitat,,"$38,924","$39,682","$17,998",0.00%
98603,Washington,Cowlitz,,"$67,772","$71,591","$30,649",2.40%
98604,Washington,Clark,Battle Ground; Cherry Grove; Dollars Corner; Lewisville; Meadow Glade; Venersborg,"$85,117","$100,815","$33,923",7.40%
98605,Oregon; Washington,Hood River; Klickitat; Skamania,Bingen; White Salmon,"$67,667","$68,089","$27,265",0.40%
98606,Washington,Clark,Battle Ground; Brush Prairie; Hockinson; Venersborg,"$103,295","$127,600","$43,830",12.50%
98607,Washington,Clark,Camas; Fern Prairie; Vancouver; Washougal,"$108,321","$133,858","$47,150",17.50%
98610,Washington,Skamania,Carson,"$56,179","$66,283","$24,606",1.30%
98611,Washington,Cowlitz,Castle Rock,"$66,161","$76,517","$28,993",2.80%
98612,Washington,Wahkiakum,Cathlamet; East Cathlamet; Lower Elochoman; Puget Island; Skamokawa Valley; Upper Elochoman,"$54,189","$69,971","$29,447",4.50%
98613,Washington,Klickitat,Centerville,"$65,833","$69,726","$28,448",1.90%
98614,Washington,Pacific,Chinook,"$40,972","$39,844","$22,849",0.00%
98616,Washington,Cowlitz; Skamania,,"$85,227","$72,820","$31,941",0.00%
98617,Washington,Klickitat,Dallesport,"$54,871","$73,368","$26,041",0.00%
98619,Washington,Klickitat,Glenwood,"$52,500","$71,495","$34,054",2.60%
98620,Washington,Klickitat,Goldendale; Maryhill,"$42,417","$62,679","$26,527",3.00%
98621,Washington,Pacific; Wahkiakum,Grays River; Rosburg,"$65,714","$97,144","$47,392",15.20%
98624,Washington,Pacific,Chinook; Ilwaco,"$45,304","$66,910","$28,194",2.80%
98625,Washington,Cowlitz,Kalama,"$76,809","$96,579","$38,563",9.20%
98626,Washington,Cowlitz,Castle Rock; Kalama; Kelso; Longview; West Side Highway,"$53,966","$68,275","$26,542",3.20%
98628,Washington,Klickitat,Klickitat,"$35,850","$45,948","$23,625",0.00%
98629,Washington,Clark,La Center,"$97,865","$113,956","$38,895",9.50%
98631,Washington,Pacific,Long Beach,"$36,650","$50,554","$25,457",1.70%
98632,Washington,Cowlitz; Wahkiakum,Kelso; Longview; Longview Heights; West Side Highway,"$47,774","$67,514","$28,481",3.20%
98635,Washington,Klickitat,Dallesport; Klickitat; Lyle,"$53,929","$65,361","$30,415",0.00%
98638,Washington,Pacific; Wahkiakum,Deep River; Grays River; Naselle; Rosburg,"$57,426","$83,440","$33,736",2.40%
98639,Washington,Skamania,North Bonneville,"$63,846","$66,817","$30,373",1.20%
98640,Washington,Pacific,Ocean Park,"$44,398","$56,992","$27,991",2.70%
98641,Washington,Pacific,,-$1,-$1,-$1,0.00%
98642,Washington,Clark,Dollars Corner; Duluth; La Center; Mount Vista; Ridgefield,"$98,911","$122,410","$43,234",12.90%
98643,Washington,Wahkiakum,Altoona; Deep River; Grays River; Rosburg; Skamokawa Valley,"$69,000","$72,357","$27,636",0.00%
98644,Washington,Pacific,,"$43,289","$52,118","$22,787",0.00%
98645,Washington,Cowlitz,,"$64,038","$78,389","$29,652",2.10%
98647,Washington,Wahkiakum,Grays River; Skamokawa Valley,-$1,"$53,608","$28,157",6.50%
98648,Oregon; Washington,Hood River; Skamania,Carson; North Bonneville; Stevenson,"$60,357","$70,946","$29,857",1.50%
98649,Washington,Cowlitz; Lewis,,"$53,160","$64,915","$24,421",0.30%
98650,Washington,Klickitat,Trout Lake,"$65,000","$83,026","$33,214",6.90%
98651,Oregon; Washington,Hood River; Skamania,Hood River,"$65,250","$93,787","$45,836",8.80%
98660,Washington,Clark,Vancouver,"$47,823","$70,249","$32,366",3.10%
98661,Washington,Clark,Minnehaha; Vancouver,"$58,654","$77,847","$30,955",4.20%
98662,Washington,Clark,Barberton; Brush Prairie; Five Corners; Orchards; Vancouver,"$62,877","$78,309","$29,743",3.60%
98663,Washington,Clark,Hazel Dell; Vancouver,"$62,020","$80,493","$34,792",3.70%
98664,Washington,Clark,Vancouver,"$66,701","$89,678","$36,024",7.00%
98665,Washington,Clark,Five Corners; Hazel Dell; Lake Shore; Salmon Creek; Vancouver,"$64,566","$85,029","$32,735",3.90%
98670,Washington,Klickitat,,"$18,750","$38,773","$20,841",0.00%
98671,Oregon; Washington,Clark; Multnomah; Skamania,Camas; Fern Prairie; Washougal,"$89,695","$113,153","$42,506",10.90%
98672,Washington,Klickitat; Skamania,Bingen; White Salmon,"$65,549","$86,616","$34,481",7.20%
98673,Washington,Klickitat,Wishram,"$31,667","$48,125","$18,892",0.00%
98674,Washington,Clark; Cowlitz,Woodland,"$71,532","$83,497","$30,428",4.80%
98675,Washington,Clark; Skamania,Amboy; Yacolt,"$75,972","$104,424","$32,198",6.90%
98682,Washington,Clark,Brush Prairie; Camas; Hockinson; Orchards; Vancouver,"$75,634","$88,902","$31,019",5.10%
98683,Washington,Clark,Vancouver,"$70,099","$90,777","$38,042",6.80%
98684,Washington,Clark,Vancouver,"$66,781","$84,496","$31,820",5.30%
98685,Washington,Clark,Felida; Lake Shore; Salmon Creek,"$103,120","$121,834","$44,341",14.50%
98686,Washington,Clark,Barberton; Mount Vista; Salmon Creek,"$86,382","$100,449","$39,115",6.10%
98801,Washington,Chelan,South Wenatchee; Sunnyslope; Wenatchee,"$58,670","$80,864","$31,161",5.30%
98802,Washington,Douglas,East Wenatchee; Rock Island,"$68,363","$89,546","$32,979",5.10%
98811,Washington,Chelan,,"$86,324","$87,689","$37,505",0.00%
98812,Washington,Douglas; Okanogan,Brewster; Pateros,"$48,790","$54,457","$18,761",1.90%
98813,Washington,Douglas; Okanogan,Bridgeport,"$46,209","$51,378","$15,182",0.90%
98814,Washington,Okanogan,,"$54,495","$56,607","$29,909",2.60%
98815,Washington,Chelan,Cashmere,"$62,526","$79,463","$28,440",3.10%
98816,Washington,Chelan; Douglas,Chelan,"$55,357","$74,723","$30,951",5.50%
98817,Washington,Chelan,Chelan Falls,-$1,"$58,383","$27,786",0.00%
98819,Washington,Okanogan,Conconully,"$38,750","$46,778","$31,342",0.00%
98821,Washington,Chelan,,-$1,"$95,708","$33,838",0.00%
98822,Washington,Chelan,Entiat,"$56,006","$67,222","$27,930",4.30%
98823,Washington,Douglas; Grant,Ephrata,"$62,795","$79,315","$29,105",3.80%
98824,Washington,Grant,George,"$43,875","$55,267","$13,864",2.00%
98826,Washington,Chelan,Leavenworth,"$63,488","$83,048","$35,920",6.20%
98827,Washington,Okanogan,Loomis,"$55,625","$50,917","$16,093",0.00%
98828,Washington,Chelan; Kittitas,,"$66,740","$80,107","$30,337",3.20%
98829,Washington,Okanogan,Malott,"$40,375","$49,934","$15,878",0.00%
98830,Washington,Douglas,Mansfield,"$52,946","$58,866","$30,169",0.70%
98831,Washington,Chelan,Manson,"$49,764","$69,155","$29,581",2.50%
98832,Washington,Grant; Lincoln,Krupp (Marlin),"$58,438","$67,892","$29,364",0.00%
98833,Washington,Okanogan,,"$97,548","$71,319","$29,628",0.00%
98834,Washington,Okanogan,Methow,"$44,375","$86,854","$37,822",9.20%
98836,Washington,Chelan,Cashmere,-$1,"$68,105","$25,183",4.40%
98837,Washington,Grant,Cascade Valley; Moses Lake; Moses Lake North,"$55,876","$73,461","$26,546",4.10%
98840,Washington,Okanogan,Malott; Okanogan; Omak,"$48,011","$60,539","$24,088",1.50%
98841,Washington,Ferry; Okanogan,Disautel; North Omak; Okanogan; Omak; Riverside,"$46,746","$61,616","$26,070",2.90%
98843,Washington,Douglas,,"$56,429","$73,648","$27,006",5.00%
98844,Washington,Okanogan,Oroville,"$42,783","$50,137","$23,884",0.00%
98845,Washington,Douglas,,"$50,167","$57,859","$21,866",0.00%
98846,Washington,Okanogan,Pateros,"$62,813","$82,550","$28,166",9.70%
98847,Washington,Chelan; Kittitas,,"$50,740","$72,053","$23,853",1.80%
98848,Washington,Douglas; Grant,George; Quincy,"$63,322","$77,016","$22,334",3.30%
98849,Washington,Okanogan,Omak; Riverside,"$50,149","$48,949","$18,592",0.40%
98850,Washington,Douglas,Rock Island,"$52,647","$53,338","$19,731",0.00%
98851,Washington,Grant,Lakeview; Soap Lake,"$47,386","$58,589","$21,774",1.10%
98852,Washington,Chelan; Okanogan,,"$38,125","$37,943","$16,893",0.00%
98853,Washington,Grant,,-$1,-$1,-$1,100.00%
98855,Washington,Okanogan,Tonasket,"$40,658","$50,389","$21,463",0.20%
98856,Washington,Chelan; Okanogan,Twisp,"$48,900","$70,791","$29,825",3.50%
98857,Washington,Adams; Grant,Warden,"$40,054","$58,931","$19,996",1.40%
98858,Washington,Douglas,Waterville,"$57,955","$73,414","$31,011",3.00%
98859,Washington,Ferry; Okanogan,,"$71,042","$58,326","$31,256",0.00%
98860,Washington,Grant,Wilson Creek,"$37,500","$62,366","$30,461",0.00%
98862,Washington,Okanogan; Whatcom,Twisp; Winthrop,"$59,787","$77,068","$36,734",4.00%
98901,Washington,Kittitas; Yakima,Moxee; Terrace Heights; Union Gap; Yakima,"$42,151","$58,234","$19,745",3.20%
98902,Washington,Yakima,Yakima,"$43,461","$57,302","$21,122",2.10%
98903,Washington,Yakima,Ahtanum; Tampico; Union Gap; Yakima,"$52,634","$71,898","$27,838",3.70%
98908,Washington,Yakima,Ahtanum; Eschbach; Gleed; Summitview; Yakima,"$64,974","$86,823","$34,761",5.40%
98921,Washington,Yakima,Buena,-$1,-$1,-$1,0.00%
98922,Washington,Kittitas,Cle Elum; Easton; Roslyn; South Cle Elum,"$57,458","$77,290","$36,122",7.40%
98923,Washington,Yakima,Cowiche,"$48,846","$51,695","$17,029",0.00%
98925,Washington,Kittitas,Easton; Roslyn,"$74,583","$92,873","$49,165",5.30%
98926,Washington,Kittitas,Ellensburg; Kittitas,"$56,018","$68,471","$27,173",2.80%
98929,Washington,Yakima,,-$1,-$1,-$1,-1.00%
98930,Washington,Benton; Yakima,Grandview,"$53,781","$66,592","$19,496",3.60%
98932,Washington,Yakima,Granger,"$55,280","$94,814","$24,983",4.10%
98933,Washington,Yakima,Harrah,"$58,203","$76,480","$25,850",5.50%
98934,Washington,Kittitas,Kittitas,"$45,278","$48,207","$19,643",1.30%
98935,Washington,Yakima,Grandview; Mabton,"$51,648","$58,757","$16,014",1.10%
98936,Washington,Yakima,Moxee,"$65,875","$81,905","$24,666",4.30%
98937,Washington,Kittitas; Pierce; Yakima,Cliffdell; Eschbach; Gleed; Naches; Nile,"$61,635","$77,661","$32,383",2.10%
98938,Washington,Yakima,Outlook; Sunnyside,"$49,821","$68,421","$18,215",8.60%
98939,Washington,Yakima,Parker,-$1,"$16,845","$8,511",0.00%
98940,Washington,Kittitas,Ronald,-$1,"$116,951","$66,223",13.20%
98941,Washington,Kittitas,Cle Elum; Roslyn,"$44,886","$51,008","$26,333",0.00%
98942,Washington,Yakima,Selah; Yakima,"$62,682","$84,397","$31,495",3.70%
98943,Washington,Kittitas,Cle Elum; South Cle Elum,"$62,847","$72,283","$28,684",1.80%
98944,Washington,Benton; Yakima,Sunnyside,"$46,393","$60,130","$16,863",1.40%
98946,Washington,Kittitas,Thorp,"$54,583","$97,302","$45,999",9.20%
98947,Washington,Yakima,Cowiche; Tieton,"$51,450","$68,200","$18,458",2.40%
98948,Washington,Yakima,Toppenish,"$50,291","$55,578","$16,384",0.70%
98950,Washington,Kittitas,Vantage,-$1,-$1,"$30,565",0.00%
98951,Washington,Yakima,Donald; Harrah; Parker; Wapato,"$48,866","$67,232","$19,261",2.60%
98952,Washington,Yakima,White Swan,"$49,821","$65,441","$17,144",2.90%
98953,Washington,Yakima,Buena; Zillah,"$64,958","$72,489","$24,124",4.10%
99001,Washington,Spokane,Airway Heights; Spokane,"$49,342","$57,894","$17,399",1.40%
99003,Washington,Spokane,,"$67,669","$83,089","$34,697",4.70%
99004,Washington,Spokane; Whitman,Cheney; Four Lakes,"$50,725","$69,075","$27,045",3.30%
99005,Washington,Spokane,Green Bluff,"$94,571","$108,532","$36,789",9.60%
99006,Washington,Pend Oreille; Spokane; Stevens,Deer Park,"$62,741","$73,991","$28,094",1.90%
99008,Washington,Lincoln; Spokane,,"$67,614","$72,445","$15,500",5.60%
99009,Washington,Pend Oreille; Spokane,,"$52,892","$70,348","$27,838",1.30%
99011,Washington,Spokane,Fairchild AFB,"$67,656","$67,130","$20,581",0.70%
99012,Washington,Spokane,Fairfield; Latah; Waverly,"$54,583","$83,359","$32,972",3.00%
99013,Washington,Lincoln; Spokane; Stevens,,"$44,474","$50,316","$19,254",0.00%
99016,Washington,Spokane,Liberty Lake; Spokane Valley,"$75,012","$93,664","$36,796",7.10%
99017,Washington,Adams; Lincoln; Whitman,Lamont,"$45,625","$45,537","$21,916",0.00%
99018,Washington,Spokane,Latah,"$57,647","$61,872","$26,351",0.00%
99019,Washington,Spokane,Liberty Lake,"$85,131","$115,527","$46,878",11.20%
99020,Washington,Spokane,,-$1,-$1,-$1,-1.00%
99021,Washington,Spokane,Green Bluff; Mead,"$73,091","$91,537","$34,179",7.70%
99022,Washington,Spokane,Airway Heights; Fairchild AFB; Medical Lake,"$71,733","$78,923","$28,584",3.80%
99023,Washington,Spokane,,"$103,571","$170,493","$55,704",31.20%
99025,Washington,Spokane,Otis Orchards-East Farms,"$75,698","$86,156","$32,457",3.20%
99026,Washington,Spokane; Stevens,Spokane,"$79,044","$88,696","$35,090",5.60%
99027,Washington,Spokane,Otis Orchards-East Farms; Spokane Valley,"$67,945","$88,670","$34,471",3.50%
99029,Washington,Lincoln; Spokane,Reardan,"$67,760","$75,744","$38,314",3.60%
99030,Washington,Spokane,Rockford,"$52,125","$73,005","$33,092",3.20%
99031,Washington,Spokane,Spangle,"$75,375","$87,731","$34,582",8.10%
99032,Washington,Adams; Lincoln,Sprague,"$46,667","$67,116","$26,908",1.60%
99033,Washington,Spokane; Whitman,Tekoa,"$60,469","$63,463","$25,537",1.30%
99034,Washington,Stevens,,-$1,-$1,"$13,265",0.00%
99036,Washington,Spokane,,"$95,625","$128,759","$49,124",14.90%
99037,Washington,Spokane,Spokane Valley,"$58,000","$82,946","$33,801",6.10%
99039,Washington,Spokane,Waverly,"$42,500","$46,816","$22,896",0.00%
99040,Washington,Lincoln; Stevens,,"$28,080","$40,232","$16,322",0.70%
99101,Washington,Stevens,Addy,"$43,207","$62,317","$25,852",4.70%
99102,Washington,Whitman,Albion,"$68,333","$68,317","$31,241",0.00%
99103,Washington,Grant; Lincoln,Almira,"$78,333","$87,953","$36,008",2.30%
99105,Washington,Adams; Whitman,,"$49,375","$56,032","$26,946",0.00%
99109,Washington,Stevens,Chewelah,"$44,512","$58,734","$24,848",1.90%
99110,Washington,Spokane; Stevens,Clayton,"$41,935","$57,028","$21,598",1.30%
99111,Washington,Whitman,Colfax; Steptoe,"$52,246","$69,890","$29,770",1.70%
99113,Washington,Whitman,Colton,"$60,526","$68,372","$31,859",1.20%
99114,Washington,Stevens,Colville,"$50,067","$64,085","$26,181",2.80%
99115,Washington,Douglas; Grant,Banks Lake South; Coulee City,"$51,964","$56,788","$24,691",1.70%
99116,Washington,Douglas; Grant; Okanogan,Coulee Dam; Elmer City,"$56,974","$67,351","$31,253",0.60%
99117,Washington,Lincoln,Creston,"$53,125","$63,015","$28,726",1.90%
99118,Washington,Ferry,Curlew,"$38,304","$57,021","$26,414",1.30%
99119,Washington,Pend Oreille,Cusick,"$48,482","$70,782","$32,204",4.90%
99121,Washington,Ferry,Danville,"$30,341","$52,318","$24,537",7.70%
99122,Washington,Lincoln; Stevens,Davenport,"$58,059","$69,641","$27,923",0.60%
99123,Washington,Grant,Electric City; Grand Coulee,"$58,750","$66,097","$28,479",0.80%
99124,Washington,Okanogan,Elmer City,"$45,000","$61,107","$27,410",0.00%
99125,Washington,Adams; Whitman,Endicott,"$47,656","$60,321","$26,044",1.70%
99126,Washington,Stevens,Marcus,"$61,563","$71,015","$20,455",9.10%
99128,Idaho; Washington,Latah; Whitman,Farmington,"$57,813","$78,807","$34,668",8.30%
99129,Washington,Stevens,,"$38,906","$46,809","$20,789",0.60%
99130,Idaho; Washington,Latah; Whitman,Colfax; Garfield,"$58,583","$61,020","$25,915",1.40%
99131,Washington,Stevens,,"$62,188","$104,590","$60,295",14.00%
99133,Washington,Douglas; Grant; Lincoln,Electric City; Grand Coulee,"$51,172","$60,878","$29,782",1.00%
99134,Washington,Lincoln,Harrington,"$35,917","$54,985","$24,981",1.20%
99135,Washington,Grant,Hartline,"$73,188","$73,378","$28,017",0.00%
99136,Washington,Whitman,,"$33,750","$44,155","$25,706",0.00%
99137,Washington,Stevens,,"$45,833","$50,668","$25,710",0.00%
99138,Washington,Ferry,Inchelium; Twin Lakes,"$38,587","$51,637","$20,835",0.70%
99139,Washington,Pend Oreille,Ione,"$57,500","$73,691","$27,532",0.80%
99140,Washington,Ferry,Keller,"$31,389","$51,410","$21,625",0.60%
99141,Washington,Ferry; Stevens,Barney's Junction; Barstow; Boyds; Kettle Falls,"$54,213","$69,663","$28,115",5.00%
99143,Washington,Whitman,LaCrosse,"$48,523","$59,833","$28,853",2.50%
99144,Washington,Lincoln,,"$34,063","$40,836","$22,822",0.00%
99146,Washington,Ferry,Laurier,"$17,019","$25,805","$22,579",0.00%
99147,Washington,Lincoln,,"$63,828","$64,695","$37,419",0.00%
99148,Washington,Stevens,Loon Lake; Springdale,"$58,672","$81,260","$37,303",6.50%
99149,Washington,Whitman,Malden,"$38,875","$46,501","$18,784",0.00%
99150,Washington,Ferry,Malo,"$44,000","$61,182","$24,375",0.00%
99151,Washington,Stevens,Marcus,"$30,938","$37,002","$19,249",0.00%
99152,Washington,Pend Oreille,Metaline,"$63,750","$83,489","$38,815",4.30%
99153,Washington,Pend Oreille,Metaline Falls,"$39,464","$58,953","$36,338",5.10%
99154,Washington,Lincoln,,-$1,"$93,209","$37,723",0.00%
99155,Washington,Ferry; Okanogan,Nespelem; Nespelem Community,"$30,673","$55,569","$22,037",5.20%
99156,Washington,Pend Oreille; Spokane,Newport,"$51,389","$62,467","$26,916",2.50%
99157,Washington,Stevens,Northport,"$34,423","$42,122","$19,507",0.00%
99158,Washington,Whitman,Oakesdale,"$61,346","$76,351","$30,225",3.10%
99159,Washington,Adams; Lincoln,Odessa,"$53,942","$64,254","$27,128",2.30%
99160,Washington,Ferry,Orient,"$22,500","$25,657","$16,006",0.00%
99161,Washington,Whitman,Palouse,"$73,125","$80,486","$38,978",2.00%
99163,Washington,Whitman,Albion; Pullman,"$33,837","$56,611","$20,951",4.60%
99164,Washington,Whitman,Pullman,-$1,-$1,-$1,-1.00%
99166,Washington,Ferry; Okanogan,Curlew Lake; Pine Grove; Republic; Torboy,"$42,970","$62,666","$28,128",3.90%
99167,Washington,Stevens,,"$44,063","$58,306","$28,905",0.80%
99169,Washington,Adams; Lincoln; Whitman,Ritzville,"$48,899","$58,664","$27,107",1.30%
99170,Washington,Spokane; Whitman,Malden; Rosalia,"$51,905","$64,693","$27,600",0.70%
99171,Washington,Whitman,St. John,"$56,029","$62,639","$27,835",0.40%
99173,Washington,Stevens,Springdale,"$34,889","$44,593","$17,624",0.00%
99174,Washington,Whitman,Steptoe,-$1,"$58,596","$25,043",0.00%
99176,Washington,Whitman,,"$43,906","$74,553","$38,193",6.50%
99179,Idaho; Washington,Nez Perce; Whitman,Uniontown,"$78,571","$114,179","$36,975",8.40%
99180,Washington,Pend Oreille,Cusick,"$46,818","$72,702","$26,512",4.10%
99181,Washington,Stevens,Valley,"$45,833","$74,111","$30,883",7.70%
99185,Washington,Lincoln,Wilbur,"$52,250","$69,667","$29,845",5.90%
99201,Washington,Spokane,Spokane,"$30,388","$49,424","$27,710",2.50%
99202,Washington,Spokane,Spokane; Spokane Valley,"$39,857","$54,292","$21,164",1.20%
99203,Washington,Spokane,Spokane,"$76,543","$109,800","$47,266",11.00%
99204,Washington,Spokane,Spokane,"$36,280","$51,987","$27,798",2.10%
99205,Washington,Spokane,Spokane; Town and Country,"$53,205","$64,159","$27,136",2.00%
99206,Washington,Spokane,Millwood; Spokane Valley,"$58,853","$71,342","$28,676",3.60%
99207,Washington,Spokane,Spokane,"$41,401","$50,179","$20,392",0.40%
99208,Washington,Spokane,Country Homes; Fairwood; Mead; Spokane; Town and Country,"$62,587","$81,148","$32,660",4.50%
99212,Washington,Spokane,Millwood; Spokane; Spokane Valley,"$54,518","$71,763","$30,869",2.50%
99216,Washington,Spokane,Spokane Valley,"$47,180","$60,380","$26,331",1.70%
99217,Washington,Spokane,Mead; Spokane,"$55,145","$76,063","$29,473",4.90%
99218,Washington,Spokane,Country Homes; Fairwood; Spokane; Town and Country,"$45,689","$68,186","$26,085",2.30%
99223,Washington,Spokane,Spokane,"$71,771","$97,920","$41,199",8.30%
99224,Washington,Spokane,Airway Heights; Spokane,"$64,455","$92,404","$38,447",8.00%
99301,Washington,Franklin,Pasco; West Pasco,"$64,311","$80,888","$25,657",4.90%
99320,Washington,Benton,Benton City; Richland; West Richland,"$63,075","$74,710","$29,284",2.80%
99321,Washington,Grant,,-$1,-$1,"$6,094",0.00%
99322,Washington,Klickitat,Bickleton,"$50,625","$106,241","$45,826",5.80%
99323,Washington,Walla Walla,Burbank,"$72,536","$85,631","$29,045",3.70%
99324,Washington,Walla Walla,College Place; Garrett; Walla Walla,"$53,083","$65,958","$26,591",1.80%
99326,Washington,Adams; Franklin,Connell; Mesa,"$57,747","$58,596","$13,891",0.00%
99328,Washington,Columbia,Dayton,"$55,048","$84,118","$37,211",6.20%
99329,Washington,Walla Walla,Dixie,"$50,625","$58,044","$24,232",0.00%
99330,Washington,Franklin,,"$50,727","$45,940","$14,937",0.00%
99333,Washington,Adams; Whitman,,-$1,"$59,735","$25,490",17.60%
99335,Washington,Adams; Franklin,Kahlotus,"$50,769","$53,940","$20,233",0.00%
99336,Washington,Benton,Kennewick; Richland,"$49,973","$61,847","$23,669",2.70%
99337,Washington,Benton,Finley; Kennewick,"$74,158","$84,479","$30,237",4.50%
99338,Washington,Benton,Kennewick; Richland,"$114,429","$136,749","$46,780",16.80%
99341,Washington,Adams,Lind,"$57,438","$60,811","$23,343",0.00%
99343,Washington,Benton; Franklin,Basin City; Mesa,"$63,052","$75,810","$18,575",2.50%
99344,Washington,Adams; Franklin; Grant,Hatton; Othello,"$51,114","$67,112","$19,106",2.40%
99345,Washington,Benton,,-$1,"$90,939","$34,223",6.80%
99346,Washington,Benton,,"$64,479","$56,040","$23,585",0.00%
99347,Washington,Columbia; Garfield; Whitman,Pomeroy,"$54,688","$59,512","$26,115",1.50%
99348,Washington,Columbia; Walla Walla,Prescott,"$54,722","$67,169","$23,126",2.60%
99349,Washington,Adams; Grant,Desert Aire; Mattawa,"$58,024","$65,621","$16,815",2.30%
99350,Washington,Benton; Klickitat; Yakima,Prosser,"$57,973","$70,555","$26,236",3.50%
99352,Washington,Benton,Kennewick; Richland; West Richland,"$81,410","$105,547","$43,272",11.30%
99353,Washington,Benton,Richland; West Richland,"$102,021","$111,352","$37,474",10.70%
99354,Washington,Benton,Richland,"$73,369","$90,089","$35,680",6.40%
99356,Washington,Klickitat,Roosevelt,"$62,917","$73,733","$26,431",0.00%
99357,Washington,Adams; Grant,Royal City,"$51,806","$67,245","$17,763",1.00%
99359,Washington,Columbia; Franklin,Starbuck,"$35,278","$54,253","$34,885",5.30%
99360,Washington,Walla Walla,Touchet,"$85,096","$117,914","$35,411",10.30%
99361,Washington,Columbia; Walla Walla,Dixie; Waitsburg,"$69,118","$82,850","$33,849",6.10%
99362,Oregon; Washington,Umatilla; Walla Walla,College Place; Garrett; Walla Walla; Walla Walla East,"$56,665","$76,776","$29,512",4.70%
99363,Washington,Walla Walla,Wallula,"$38,011","$34,322","$8,572",0.00%
99371,Washington,Adams; Franklin,Washtucna,"$53,750","$59,984","$24,260",0.00%
99401,Washington,Asotin,,"$67,917","$85,386","$23,950",0.00%
99402,Washington,Asotin,Asotin,"$55,595","$77,500","$36,260",6.70%
99403,Washington,Asotin; Garfield,Asotin; Clarkston; Clarkston Heights-Vineland; West Clarkston-Highland,"$53,079","$69,846","$29,496",2.70%